,LIMIT_BAL,SEX,EDUCATION,MARRIAGE,AGE,PAY_0,PAY_2,PAY_3,PAY_4,PAY_5,PAY_6,BILL_AMT1,BILL_AMT2,BILL_AMT3,BILL_AMT4,BILL_AMT5,BILL_AMT6,PAY_AMT1,PAY_AMT2,PAY_AMT3,PAY_AMT4,PAY_AMT5,PAY_AMT6,default_payment_next_month
count,24000.0,24000.0,24000.0,24000.0,24000.0,24000.0,24000.0,24000.0,24000.0,24000.0,24000.0,24000.0,24000.0,24000.0,24000.0,24000.0,24000.0,24000.0,24000.0,24000.0,24000.0,24000.0,24000.0,24000.0
mean,167338.83333333334,1.6025416666666668,3.1593333333333335,1.5560833333333333,35.51683333333333,-0.012708333333333334,-0.13025,-0.16395833333333334,-0.22045833333333334,-0.26416666666666666,-0.2899583333333333,51162.82041666667,49178.16416666667,47004.37841666667,43232.17275,40292.98354166667,38784.34920833333,5641.2619583333335,5873.8893333333335,5116.207083333334,4742.458,4722.8765,5188.472375,0.2215
std,129933.4046247299,0.48938245326460916,0.7435069528906665,0.5209279860378964,9.216367100517122,1.1228754904206937,1.1968060070561861,1.1974496830778325,1.1689012163920407,1.1368171152844342,1.1520725387583728,73562.20712079518,71222.82994821107,69539.35517628296,64301.77931476275,60868.19999781203,59615.3130871838,15971.770984078486,22096.39331128257,15582.324583266094,15175.920809693458,15032.940887666322,17817.373001470078,0.415264897632383
min,10000.0,1.0,1.0,1.0,21.0,-2.0,-2.0,-2.0,-2.0,-2.0,-2.0,-165580.0,-69777.0,-157264.0,-170000.0,-81334.0,-339603.0,0.0,0.0,0.0,0.0,0.0,0.0,0.0
25%,50000.0,1.0,3.0,1.0,28.0,-1.0,-1.0,-1.0,-1.0,-1.0,-1.0,3619.75,3099.75,2752.5,2395.0,1761.75,1261.75,1000.0,835.75,390.75,285.0,264.0,107.75,0.0
50%,140000.0,2.0,3.0,2.0,34.0,0.0,0.0,0.0,0.0,0.0,0.0,22344.5,21191.0,20055.0,18991.0,18019.0,16961.0,2100.0,2012.5,1818.5,1500.0,1500.0,1500.0,0.0
75%,240000.0,2.0,4.0,2.0,41.0,0.0,0.0,0.0,0.0,0.0,0.0,67020.5,63959.0,59970.25,54519.0,50218.25,48990.25,5006.0,5000.0,4535.5,4012.25,4026.0,4000.0,0.0
max,800000.0,2.0,4.0,3.0,79.0,8.0,7.0,8.0,8.0,7.0,8.0,746814.0,743970.0,1664089.0,706864.0,823540.0,699944.0,505000.0,1684259.0,417588.0,528897.0,426529.0,528666.0,1.0
