,LIMIT_BAL,SEX,EDUCATION,MARRIAGE,AGE,PAY_0,PAY_2,PAY_3,PAY_4,PAY_5,PAY_6,BILL_AMT1,BILL_AMT2,BILL_AMT3,BILL_AMT4,BILL_AMT5,BILL_AMT6,PAY_AMT1,PAY_AMT2,PAY_AMT3,PAY_AMT4,PAY_AMT5,PAY_AMT6,default_payment_next_month
count,800.0,800.0,800.0,800.0,800.0,800.0,800.0,800.0,800.0,800.0,800.0,800.0,800.0,800.0,800.0,800.0,800.0,800.0,800.0,800.0,800.0,800.0,800.0,800.0
mean,168525.0,1.58625,3.23,1.61875,34.96,-0.015,-0.15125,-0.15625,-0.27375,-0.27125,-0.3125,48140.4525,46155.85375,43313.2,39159.005,37705.125,36549.94625,5304.345,5064.81875,3909.6025,4650.53125,5330.33875,5662.98875,0.2225
std,131544.4955819033,0.492812863212482,0.7160593035201045,0.5303300858899107,9.242032728853621,1.1473537055577376,1.222801083828955,1.271360052455135,1.202338537995825,1.2018648161483758,1.208995797572591,72805.89447741209,71998.23533477409,68986.67479832364,67848.13288339022,63082.78385969294,62937.15516794633,12404.357985392158,15641.617337717124,9592.660539431941,13846.34993083131,16821.302369413985,26278.013856528967,0.4161853707526679
min,10000.0,1.0,1.0,1.0,21.0,-2.0,-2.0,-2.0,-2.0,-2.0,-2.0,-14386.0,-13543.0,-9850.0,-3684.0,-28335.0,-339603.0,0.0,0.0,0.0,0.0,0.0,0.0,0.0
25%,50000.0,1.0,3.0,1.0,28.0,-1.0,-1.0,-1.0,-1.0,-1.0,-1.0,2691.0,2815.25,1531.5,1169.0,997.5,870.5,872.5,374.0,205.25,92.0,200.0,0.0,0.0
50%,140000.0,2.0,3.0,2.0,33.0,0.0,0.0,0.0,0.0,0.0,0.0,20590.5,19381.0,18641.5,16343.0,15753.5,14857.5,2090.5,1653.5,1100.0,1200.0,1258.5,1200.0,0.0
75%,240000.0,2.0,4.0,2.0,41.0,0.0,0.0,0.0,0.0,0.0,0.0,58068.75,57071.0,52255.75,45554.75,44583.75,46212.75,5000.0,4076.5,3596.0,3973.75,3516.75,3940.0,0.0
max,700000.0,2.0,4.0,3.0,75.0,8.0,7.0,7.0,7.0,7.0,7.0,507726.0,509229.0,499936.0,628699.0,484612.0,473944.0,199646.0,285138.0,130000.0,188840.0,195599.0,528666.0,1.0
