,LIMIT_BAL,SEX,EDUCATION,MARRIAGE,AGE,PAY_0,PAY_2,PAY_3,PAY_4,PAY_5,PAY_6,BILL_AMT1,BILL_AMT2,BILL_AMT3,BILL_AMT4,BILL_AMT5,BILL_AMT6,PAY_AMT1,PAY_AMT2,PAY_AMT3,PAY_AMT4,PAY_AMT5,PAY_AMT6,default_payment_next_month
count,15000.0,15000.0,15000.0,15000.0,15000.0,15000.0,15000.0,15000.0,15000.0,15000.0,15000.0,15000.0,15000.0,15000.0,15000.0,15000.0,15000.0,15000.0,15000.0,15000.0,15000.0,15000.0,15000.0,15000.0
mean,167312.66666666666,1.6023333333333334,3.1621333333333332,1.5555333333333334,35.4788,-0.020133333333333333,-0.13993333333333333,-0.1732,-0.2204,-0.262,-0.28833333333333333,50885.57026666667,48958.89206666667,46903.39086666667,43077.729466666664,40098.8928,38586.47573333333,5598.778666666667,6035.0712,5147.582133333333,4689.714666666667,4745.343533333334,5135.149533333333,0.22293333333333334
std,129464.52143493309,0.4894321796525585,0.7433368138761055,0.5183312583426876,9.200695304138993,1.1159200990214528,1.1933902439020125,1.193522821921906,1.1761729176367501,1.1453573487040694,1.1621046659857577,73334.00118361902,70940.3703272255,69612.13808760964,63759.25054292068,60424.82675451316,59034.30225721774,15618.429500124148,25016.65253160762,15491.268426698269,14740.01202586415,15413.955394035327,17967.85961080245,0.4162278365627223
min,10000.0,1.0,1.0,1.0,21.0,-2.0,-2.0,-2.0,-2.0,-2.0,-2.0,-165580.0,-69777.0,-157264.0,-170000.0,-61372.0,-339603.0,0.0,0.0,0.0,0.0,0.0,0.0,0.0
25%,50000.0,1.0,3.0,1.0,28.0,-1.0,-1.0,-1.0,-1.0,-1.0,-1.0,3446.0,2969.5,2687.75,2378.5,1716.5,1261.0,1000.0,900.0,396.0,278.75,256.5,66.0,0.0
50%,140000.0,2.0,3.0,2.0,34.0,0.0,0.0,0.0,0.0,0.0,0.0,22187.5,21390.5,20060.0,19098.0,17995.5,16883.5,2100.0,2025.0,1847.0,1500.0,1500.0,1500.0,0.0
75%,240000.0,2.0,4.0,2.0,41.0,0.0,0.0,0.0,0.0,0.0,0.0,66732.75,63795.25,60169.5,54603.0,49931.5,48829.5,5006.0,5000.0,4600.0,4016.5,4068.25,4000.0,0.0
max,800000.0,2.0,4.0,3.0,75.0,8.0,7.0,8.0,8.0,7.0,8.0,746814.0,743970.0,1664089.0,706864.0,823540.0,568638.0,505000.0,1684259.0,397092.0,497000.0,426529.0,528666.0,1.0
