,LIMIT_BAL,SEX,EDUCATION,MARRIAGE,AGE,PAY_0,PAY_2,PAY_3,PAY_4,PAY_5,PAY_6,BILL_AMT1,BILL_AMT2,BILL_AMT3,BILL_AMT4,BILL_AMT5,BILL_AMT6,PAY_AMT1,PAY_AMT2,PAY_AMT3,PAY_AMT4,PAY_AMT5,PAY_AMT6,default_payment_next_month
count,12000.0,12000.0,12000.0,12000.0,12000.0,12000.0,12000.0,12000.0,12000.0,12000.0,12000.0,12000.0,12000.0,12000.0,12000.0,12000.0,12000.0,12000.0,12000.0,12000.0,12000.0,12000.0,12000.0,12000.0
mean,166931.66666666666,1.5993333333333333,3.16225,1.5545833333333334,35.49941666666667,-0.022833333333333334,-0.147,-0.18158333333333335,-0.22683333333333333,-0.2695,-0.29441666666666666,50664.63616666666,48813.06975,46793.799,42874.66525,39937.1365,38455.70425,5618.1995,6179.4113333333335,5258.564916666666,4749.527666666667,4734.064,5276.72875,0.22075
std,129022.37232977216,0.4900539782826902,0.7409255597272157,0.51853292993037,9.202810655992716,1.1150854631767337,1.1894013436583792,1.1876005329968435,1.1767874523242865,1.141991723010556,1.1611838163601993,73260.57176784411,70890.23995060184,69989.53038450504,63746.09228658787,60200.20253353768,59028.022183428744,15704.126383474995,26656.305185674508,16063.750617330223,15102.641527687378,15124.57456349482,18521.58783299895,0.41476954281601236
min,10000.0,1.0,1.0,1.0,21.0,-2.0,-2.0,-2.0,-2.0,-2.0,-2.0,-165580.0,-30000.0,-157264.0,-170000.0,-61372.0,-339603.0,0.0,0.0,0.0,0.0,0.0,0.0,0.0
25%,50000.0,1.0,3.0,1.0,28.0,-1.0,-1.0,-1.0,-1.0,-1.0,-1.0,3479.75,2943.5,2685.5,2311.75,1650.0,1254.5,1000.0,909.75,390.0,277.25,264.0,27.0,0.0
50%,140000.0,2.0,3.0,2.0,34.0,0.0,0.0,0.0,0.0,0.0,0.0,22175.5,21469.5,20032.5,19052.0,17970.5,16902.5,2100.0,2025.0,1800.0,1500.0,1501.5,1500.0,0.0
75%,240000.0,2.0,4.0,2.0,41.0,0.0,0.0,0.0,0.0,0.0,0.0,66180.75,63282.5,59862.25,53603.5,49520.5,48400.25,5006.0,5000.0,4600.0,4077.25,4073.0,4000.0,0.0
max,800000.0,2.0,4.0,3.0,75.0,8.0,7.0,8.0,8.0,7.0,8.0,746814.0,743970.0,1664089.0,706864.0,530672.0,527711.0,505000.0,1684259.0,397092.0,497000.0,417990.0,527143.0,1.0
