,precision,recall,f1-score,support
non-default,0.8190954773869347,0.9939024390243902,0.8980716253443526,164.0
accuracy,0.815,0.815,0.815,0.815
weighted avg,0.6716582914572864,0.815,0.7364187327823691,200.0
macro avg,0.40954773869346733,0.4969512195121951,0.4490358126721763,200.0
default,0.0,0.0,0.0,36.0
