,precision,recall,f1-score,support
non-default,0.8666666666666667,0.7926829268292683,0.8280254777070064,164.0
weighted avg,0.7682666666666667,0.73,0.7459576359057917,200.0
accuracy,0.73,0.73,0.73,0.73
macro avg,0.5933333333333334,0.6185636856368564,0.6000592504814102,200.0
default,0.32,0.4444444444444444,0.37209302325581395,36.0
