,precision,recall,f1-score,support
non-default,0.873705691179805,0.8249482623278385,0.8486272206724417,14013.0
weighted avg,0.787748343573623,0.7708888888888888,0.7778317138608781,18000.0
accuracy,0.7708888888888888,0.7708888888888888,0.7708888888888888,0.7708888888888888
macro avg,0.6796710464705903,0.7029180739780652,0.6888179502174452,18000.0
default,0.48563640176137557,0.580887885628292,0.5290086797624487,3987.0
