,precision,recall,f1-score,support
non-default,0.8731694087868378,0.8249914588315682,0.8483970136144049,11708.0
weighted avg,0.7868127233984165,0.7698666666666667,0.7768833477355793,15000.0
accuracy,0.7698666666666667,0.7698666666666667,0.7698666666666667,0.7698666666666667
macro avg,0.6764272640683808,0.6994033843368048,0.6854709826024998,15000.0
default,0.4796851193499238,0.5738153098420413,0.5225449515905947,3292.0
