,train_f1_score,test_f1_score
dummy_classifier,0.0,0.0
svc,0.508,0.3720930232558139
knn,0.21,0.2173913043478261
logistic_regression,0.462,0.3846153846153846
random_forest,0.444,0.4266666666666666
