,train_f1_score,test_f1_score
dummy_classifier,0.0,0.0
svc,0.541,0.5225449515905947
knn,0.461,0.4398048780487805
logistic_regression,0.483,0.4702480258035814
random_forest,0.542,0.5298301640296125
