,train_f1_score,test_f1_score
dummy_classifier,0.0,0.0
svc,0.407,0.4064460924130062
knn,0.461,0.4396333138287497
logistic_regression,0.482,0.468902709906708
random_forest,0.542,0.5323866106361397
